geneA	geneB	combined_score
ACAD9	NDUFA11	0.717
ADAMTSL5	FBN1	0.771
ADSL	IMPDH2	0.879
ADSL	FH	0.709
ADSL	AK2	0.964
AK2	RRM2	0.785
AK2	ADSL	0.964
ALDH18A1	OAT	0.998
ALDH18A1	MTHFD1	0.726
ANAPC13	UBE2S	0.986
ANAPC13	BUB1B	0.959
ANAPC13	PCGF6	0.9
ANAPC13	CDC20	0.996
ANAPC13	BRCA1	0.905
ANLN	TRIP13	0.748
ANLN	AURKA	0.741
ANLN	NCAPH	0.707
ANLN	DLGAP5	0.914
ANLN	KIF23	0.989
ANLN	DEPDC1B	0.74
ANLN	CDC20	0.701
ANLN	TTK	0.704
ANLN	SHCBP1	0.743
ANLN	KIF4A	0.782
ANLN	RRM2	0.785
ANLN	CDCA8	0.789
ANLN	BUB1B	0.8
ANLN	PBK	0.811
ANLN	KIF2C	0.821
ANLN	KIF14	0.828
ANLN	MELK	0.831
ANLN	DEPDC1	0.847
ANLN	TOP2A	0.861
ANLN	HMMR	0.88
ANLN	NUF2	0.897
APOA1	FN1	0.845
ARHGAP9	PLEK2	0.712
ARHGEF12	RND1	0.746
ARHGEF12	LSP1	0.919
ATG4D	GABARAPL1	0.993
ATOX1	SLC31A2	0.815
ATOX1	SLC31A1	0.885
AURKA	TRIP13	0.771
AURKA	UBE2S	0.704
AURKA	KIF2A	0.719
AURKA	KIF15	0.725
AURKA	ANLN	0.741
AURKA	TUBG1	0.745
AURKA	ESPL1	0.773
AURKA	TTK	0.779
AURKA	DEPDC1	0.782
AURKA	ZWINT	0.787
AURKA	PBK	0.791
AURKA	NCAPH	0.814
AURKA	MYBL2	0.84
AURKA	KIF4A	0.885
AURKA	RRM2	0.892
AURKA	NUF2	0.893
AURKA	MELK	0.913
AURKA	CPEB3	0.913
AURKA	KIF23	0.924
AURKA	BUB1B	0.924
AURKA	BRCA1	0.942
AURKA	FN1	0.945
AURKA	CDCA8	0.952
AURKA	TOP2A	0.963
AURKA	DLGAP5	0.966
AURKA	HMMR	0.97
AURKA	KIF2C	0.975
AURKA	CDC20	0.995
AURKA	MYCN	0.998
BCL2L1	BNIP1	0.787
BCL2L1	USP14	0.743
BCL2L1	CYCS	0.998
BCL2L1	BID	0.999
BCL2L1	PARP1	0.796
BCL2L1	FASLG	0.728
BCL2L1	JUN	0.706
BCL2L1	CTSO	0.902
BID	FASLG	0.867
BID	CTSO	0.901
BID	BCL2L1	0.999
BNIP1	ZW10	0.965
BNIP1	VAMP2	0.773
BNIP1	BCL2L1	0.787
BRCA1	AURKA	0.942
BRCA1	RAD51AP1	0.854
BRCA1	TUBG1	0.928
BRCA1	RPA1	0.96
BRCA1	KIF23	0.713
BRCA1	UBE2S	0.963
BRCA1	MYCN	0.728
BRCA1	OLA1	0.868
BRCA1	BUB1B	0.905
BRCA1	RAD54B	0.882
BRCA1	PARP1	0.974
BRCA1	PCGF6	0.907
BRCA1	JUN	0.794
BRCA1	KIF2C	0.706
BRCA1	CDC20	0.766
BRCA1	RPA2	0.881
BRCA1	HMMR	0.964
BRCA1	MAP3K1	0.77
BRCA1	TOP2A	0.836
BRCA1	UBE2E3	0.775
BRCA1	ANAPC13	0.905
BUB1B	TRIP13	0.928
BUB1B	ZW10	0.928
BUB1B	AURKA	0.924
BUB1B	OIP5	0.837
BUB1B	RAD51AP1	0.747
BUB1B	NCAPH	0.915
BUB1B	DLGAP5	0.981
BUB1B	ESPL1	0.989
BUB1B	KIF23	0.926
BUB1B	UBE2S	0.896
BUB1B	DEPDC1B	0.797
BUB1B	ANLN	0.8
BUB1B	NUF2	0.98
BUB1B	PCGF6	0.74
BUB1B	KIF2A	0.741
BUB1B	SHCBP1	0.769
BUB1B	MCM7	0.792
BUB1B	DTL	0.811
BUB1B	ERCC6L	0.824
BUB1B	DEPDC1	0.85
BUB1B	CENPK	0.869
BUB1B	KIF14	0.878
BUB1B	HMMR	0.882
BUB1B	DSN1	0.903
BUB1B	BRCA1	0.905
BUB1B	JUN	0.914
BUB1B	RRM2	0.922
BUB1B	KIF15	0.923
BUB1B	PBK	0.937
BUB1B	MELK	0.953
BUB1B	ANAPC13	0.959
BUB1B	KIF4A	0.968
BUB1B	TOP2A	0.98
BUB1B	KIF2C	0.991
BUB1B	TTK	0.991
BUB1B	CDCA8	0.994
BUB1B	ZWINT	0.996
BUB1B	CDC20	0.999
BYSL	RBM28	0.872
BYSL	WDR74	0.822
BYSL	NOP2	0.915
BYSL	RIOK1	0.955
BYSL	DHX15	0.969
BYSL	EMG1	0.999
CALML6	PVALB	0.774
CALML6	CAMK1	0.946
CALML6	EPB41	0.808
CAMK1	CALML6	0.946
CCL24	CCR2	0.935
CCL24	CCR1	0.934
CCL24	CXCR4	0.85
CCNB3	CDC20	0.741
CCR1	CCR2	0.992
CCR1	GNG2	0.822
CCR1	CCL24	0.934
CCR1	CXCR4	0.939
CCR2	GNG2	0.876
CCR2	CCL24	0.935
CCR2	CXCR4	0.989
CCR2	CCR1	0.992
CD70	TNFRSF4	0.994
CDC20	TRIP13	0.996
CDC20	ZW10	0.801
CDC20	MCM5	0.862
CDC20	AURKA	0.995
CDC20	MYBL2	0.865
CDC20	RAD51AP1	0.737
CDC20	GMNN	0.889
CDC20	NCAPH	0.838
CDC20	DLGAP5	0.981
CDC20	ESPL1	0.988
CDC20	KIF23	0.797
CDC20	UBE2S	0.999
CDC20	MCM2	0.733
CDC20	ANLN	0.701
CDC20	NUF2	0.962
CDC20	BUB1B	0.999
CDC20	MELK	0.964
CDC20	MCM7	0.821
CDC20	KIF15	0.836
CDC20	ERCC6L	0.9
CDC20	RRM2	0.907
CDC20	TTK	0.99
CDC20	KIF2C	0.995
CDC20	DSN1	0.731
CDC20	CCNB3	0.741
CDC20	DEPDC1	0.761
CDC20	BRCA1	0.766
CDC20	CENPK	0.78
CDC20	PCNA	0.798
CDC20	KIF2A	0.878
CDC20	HMMR	0.882
CDC20	TK1	0.883
CDC20	KIF4A	0.941
CDC20	PBK	0.959
CDC20	ZWINT	0.968
CDC20	TOP2A	0.98
CDC20	CDCA8	0.992
CDC20	ANAPC13	0.996
CDCA8	TRIP13	0.736
CDCA8	AURKA	0.952
CDCA8	OIP5	0.856
CDCA8	NCAPH	0.908
CDCA8	DLGAP5	0.961
CDCA8	ESPL1	0.972
CDCA8	KIF23	0.954
CDCA8	ANLN	0.789
CDCA8	NUF2	0.926
CDCA8	BUB1B	0.994
CDCA8	MELK	0.902
CDCA8	SHCBP1	0.818
CDCA8	KIF15	0.902
CDCA8	ERCC6L	0.753
CDCA8	RRM2	0.861
CDCA8	KIF14	0.83
CDCA8	TTK	0.946
CDCA8	KIF20B	0.714
CDCA8	KIF2C	0.977
CDCA8	CDC20	0.992
CDCA8	TK1	0.704
CDCA8	DEPDC1	0.772
CDCA8	ZWINT	0.78
CDCA8	HMMR	0.864
CDCA8	PBK	0.912
CDCA8	TOP2A	0.92
CDCA8	KIF4A	0.932
CENPK	OIP5	0.734
CENPK	NUF2	0.793
CENPK	BUB1B	0.869
CENPK	CDC20	0.78
CENPK	PBK	0.816
CHAC2	GGT1	0.907
CHAC2	GGT7	0.907
CLP1	POP1	0.903
COL4A3	ITGB4	0.829
COL4A3	ITGA9	0.709
CPEB3	AURKA	0.913
CTSO	BID	0.901
CTSO	BCL2L1	0.902
CXCR4	CCR2	0.989
CXCR4	GNG3	0.911
CXCR4	CCR1	0.939
CXCR4	GNG2	0.917
CXCR4	FN1	0.857
CXCR4	FOXP3	0.731
CXCR4	SPP1	0.753
CXCR4	CCL24	0.85
CYCS	SLC25A31	0.95
CYCS	JUN	0.829
CYCS	FASLG	0.84
CYCS	PARP1	0.892
CYCS	BCL2L1	0.998
DCTPP1	RRM2	0.922
DDB1	KAT2A	0.758
DDB1	RPA1	0.739
DDB1	DTL	0.999
DDX21	DHX15	0.838
DDX21	NOP2	0.761
DDX60	USP18	0.79
DDX60	HERC5	0.874
DDX60	PARP9	0.883
DDX60	IFIT5	0.832
DEPDC1	AURKA	0.782
DEPDC1	OIP5	0.737
DEPDC1	RAD51AP1	0.715
DEPDC1	DLGAP5	0.881
DEPDC1	KIF23	0.865
DEPDC1	DEPDC1B	0.798
DEPDC1	ANLN	0.847
DEPDC1	NUF2	0.898
DEPDC1	BUB1B	0.85
DEPDC1	MELK	0.751
DEPDC1	SHCBP1	0.78
DEPDC1	KIF15	0.854
DEPDC1	KIF14	0.873
DEPDC1	TTK	0.931
DEPDC1	KIF20B	0.704
DEPDC1	KIF2C	0.83
DEPDC1	CDC20	0.761
DEPDC1	CDCA8	0.772
DEPDC1	KIF4A	0.797
DEPDC1	HMMR	0.907
DEPDC1	TOP2A	0.733
DEPDC1	PBK	0.849
DEPDC1B	OIP5	0.774
DEPDC1B	RAD51AP1	0.722
DEPDC1B	NCAPH	0.704
DEPDC1B	DLGAP5	0.878
DEPDC1B	ANLN	0.74
DEPDC1B	PBK	0.741
DEPDC1B	BUB1B	0.797
DEPDC1B	DEPDC1	0.798
DEPDC1B	NUF2	0.81
DEPDC1B	HMMR	0.812
DEPDC1B	KIF15	0.817
DEPDC1B	KIF14	0.822
DGKD	PLEK2	0.703
DHCR7	PAG1	0.769
DHCR7	SOAT1	0.942
DHX15	RBM28	0.797
DHX15	BYSL	0.969
DHX15	NUDCD1	0.794
DHX15	SF3B4	0.961
DHX15	EMG1	0.773
DHX15	DDX21	0.838
DHX15	NOP2	0.876
DKK4	WNT5B	0.778
DLGAP5	TRIP13	0.789
DLGAP5	AURKA	0.966
DLGAP5	OIP5	0.856
DLGAP5	RAD51AP1	0.884
DLGAP5	NCAPH	0.818
DLGAP5	SHCBP1	0.74
DLGAP5	DTL	0.756
DLGAP5	TK1	0.811
DLGAP5	ESPL1	0.82
DLGAP5	DEPDC1B	0.878
DLGAP5	DEPDC1	0.881
DLGAP5	ANLN	0.914
DLGAP5	ZWINT	0.92
DLGAP5	KIF14	0.933
DLGAP5	KIF15	0.937
DLGAP5	RRM2	0.95
DLGAP5	KIF23	0.951
DLGAP5	CDCA8	0.961
DLGAP5	KIF4A	0.962
DLGAP5	NUF2	0.964
DLGAP5	KIF2C	0.975
DLGAP5	TTK	0.977
DLGAP5	TOP2A	0.978
DLGAP5	PBK	0.979
DLGAP5	CDC20	0.981
DLGAP5	BUB1B	0.981
DLGAP5	MELK	0.982
DLGAP5	HMMR	0.999
DNAJC5	VAMP2	0.949
DOCK4	NOP10	0.748
DOCK4	WDR74	0.8
DPEP2	DPEP3	0.702
DPEP3	DPEP2	0.702
DSN1	ZW10	0.804
DSN1	NUF2	0.991
DSN1	BUB1B	0.903
DSN1	CDC20	0.731
DSN1	ZWINT	0.998
DTL	DLGAP5	0.756
DTL	MCM2	0.772
DTL	NUF2	0.816
DTL	BUB1B	0.811
DTL	MELK	0.842
DTL	DDB1	0.999
DTL	KIF15	0.807
DTL	USP1	0.704
DTL	RRM2	0.88
DTL	KIF4A	0.728
DTL	TTK	0.787
DTL	ZWINT	0.819
DTL	TOP2A	0.822
DTL	PBK	0.873
DTL	PCNA	0.995
DUT	MCM5	0.732
DUT	MCM7	0.853
DUT	RRM2	0.761
DUT	PCNA	0.805
DUT	TK1	0.752
EDEM1	HYOU1	0.795
EGR1	JUN	0.99
EMG1	RBM28	0.784
EMG1	BYSL	0.999
EMG1	DHX15	0.773
ENO2	PFKL	0.826
ENO2	UCHL1	0.818
ENO2	PGAM1	0.989
ENO2	MINPP1	0.907
ENO2	GPI	0.976
EPB41	CALML6	0.808
EPB41	EPB41L1	0.757
EPB41L1	HOMER1	0.747
EPB41L1	EPB41	0.757
ERCC6L	NCAPH	0.709
ERCC6L	ESPL1	0.757
ERCC6L	NUF2	0.748
ERCC6L	BUB1B	0.824
ERCC6L	KIF4A	0.727
ERCC6L	TOP2A	0.734
ERCC6L	CDCA8	0.753
ERCC6L	TTK	0.805
ERCC6L	CDC20	0.9
ESPL1	ZW10	0.84
ESPL1	AURKA	0.773
ESPL1	NCAPH	0.719
ESPL1	DLGAP5	0.82
ESPL1	UBE2S	0.748
ESPL1	ERCC6L	0.757
ESPL1	KIF15	0.76
ESPL1	KIF23	0.769
ESPL1	KIF4A	0.777
ESPL1	NUF2	0.841
ESPL1	ZWINT	0.846
ESPL1	TOP2A	0.909
ESPL1	KIF2C	0.939
ESPL1	TTK	0.945
ESPL1	CDCA8	0.972
ESPL1	CDC20	0.988
ESPL1	BUB1B	0.989
FASLG	CYCS	0.84
FASLG	BID	0.867
FASLG	FN1	0.909
FASLG	JUN	0.724
FASLG	BCL2L1	0.728
FASLG	FOXO1	0.737
FBN1	ADAMTSL5	0.771
FBN1	TGFBR2	0.916
FBN1	MFAP5	0.976
FBN1	FN1	0.982
FH	ADSL	0.709
FH	GPI	0.766
FH	OAT	0.859
FN1	ITGB4	0.764
FN1	AURKA	0.945
FN1	APOA1	0.845
FN1	TNFAIP6	0.83
FN1	ITGA9	0.945
FN1	ITGB7	0.985
FN1	FBN1	0.982
FN1	TGFBR2	0.722
FN1	RRBP1	0.766
FN1	THBS2	0.854
FN1	CXCR4	0.857
FN1	FASLG	0.909
FN1	SPP1	0.996
FOXO1	YWHAG	0.926
FOXO1	PARP1	0.766
FOXO1	FASLG	0.737
FOXO1	JUN	0.792
FOXP3	MYD88	0.719
FOXP3	CXCR4	0.731
FOXP3	TNFRSF4	0.754
FXYD1	PLN	0.796
FZD6	WNT5B	0.968
GABARAPL1	ATG4D	0.993
GALNT7	GCNT1	0.925
GAS2L1	MAPRE3	0.848
GCLC	GGT1	0.944
GCLC	GGT7	0.925
GCNT1	GALNT7	0.925
GEMIN4	GEMIN5	0.999
GEMIN5	GEMIN4	0.999
GGT1	CHAC2	0.907
GGT1	GGT7	0.93
GGT1	GCLC	0.944
GGT7	GGT1	0.93
GGT7	CHAC2	0.907
GGT7	GCLC	0.925
GINS1	MCM5	0.999
GINS1	RRM2	0.819
GINS1	ZWINT	0.849
GINS1	MCM2	0.999
GINS1	MCM7	0.999
GMNN	MCM5	0.847
GMNN	MCM7	0.729
GMNN	MCM2	0.739
GMNN	CDC20	0.889
GNG2	CCR2	0.876
GNG2	GNG3	0.705
GNG2	CCR1	0.822
GNG2	PTH1R	0.823
GNG2	CXCR4	0.917
GNG2	HTR7	0.983
GNG3	GNG2	0.705
GNG3	CXCR4	0.911
GNG3	HTR7	0.913
GPI	PFKL	0.996
GPI	FH	0.766
GPI	PGAM1	0.969
GPI	MINPP1	0.82
GPI	PPA1	0.791
GPI	ENO2	0.976
HERC5	USP18	0.956
HERC5	IFIT5	0.798
HERC5	DDX60	0.874
HMMR	TRIP13	0.763
HMMR	AURKA	0.97
HMMR	OIP5	0.895
HMMR	RAD51AP1	0.852
HMMR	DLGAP5	0.999
HMMR	KIF23	0.889
HMMR	DEPDC1B	0.812
HMMR	ANLN	0.88
HMMR	NUF2	0.886
HMMR	BUB1B	0.882
HMMR	MELK	0.884
HMMR	KIF15	0.901
HMMR	RRM2	0.807
HMMR	KIF14	0.853
HMMR	TTK	0.881
HMMR	KIF2C	0.868
HMMR	CDC20	0.882
HMMR	CDCA8	0.864
HMMR	ZWINT	0.891
HMMR	KIF4A	0.877
HMMR	PBK	0.893
HMMR	TOP2A	0.902
HMMR	DEPDC1	0.907
HMMR	BRCA1	0.964
HOMER1	EPB41L1	0.747
HTR7	GNG3	0.913
HTR7	GNG2	0.983
HTR7	KIF20B	0.787
HYOU1	EDEM1	0.795
IFIT5	USP18	0.866
IFIT5	HERC5	0.798
IFIT5	DDX60	0.832
IMPDH2	ADSL	0.879
INPP5A	MINPP1	0.932
ITGA9	ITGB4	0.779
ITGA9	COL4A3	0.709
ITGA9	THBS2	0.824
ITGA9	ITGB7	0.871
ITGA9	FN1	0.945
ITGA9	SPP1	0.979
ITGB4	SPP1	0.717
ITGB4	THBS2	0.75
ITGB4	FN1	0.764
ITGB4	ITGB7	0.768
ITGB4	ITGA9	0.779
ITGB4	COL4A3	0.829
ITGB7	ITGB4	0.768
ITGB7	ITGA9	0.871
ITGB7	THBS2	0.718
ITGB7	SPP1	0.724
ITGB7	FN1	0.985
JUN	EGR1	0.99
JUN	BUB1B	0.914
JUN	CYCS	0.829
JUN	PARP1	0.805
JUN	FASLG	0.724
JUN	BCL2L1	0.706
JUN	MYD88	0.756
JUN	FOXO1	0.792
JUN	BRCA1	0.794
JUN	MAP3K1	0.872
KAT2A	DDB1	0.758
KAT2A	POLE3	0.869
KIF14	TRIP13	0.744
KIF14	MYBL2	0.726
KIF14	NCAPH	0.772
KIF14	DLGAP5	0.933
KIF14	KIF23	0.958
KIF14	DEPDC1B	0.822
KIF14	ANLN	0.828
KIF14	NUF2	0.872
KIF14	BUB1B	0.878
KIF14	MELK	0.854
KIF14	SHCBP1	0.738
KIF14	KIF15	0.931
KIF14	KIF20B	0.749
KIF14	KIF2A	0.77
KIF14	STIL	0.777
KIF14	PBK	0.779
KIF14	CDCA8	0.83
KIF14	HMMR	0.853
KIF14	DEPDC1	0.873
KIF14	KIF2C	0.901
KIF14	TTK	0.904
KIF14	KIF4A	0.921
KIF14	TOP2A	0.927
KIF15	AURKA	0.725
KIF15	OIP5	0.801
KIF15	RAD51AP1	0.765
KIF15	NCAPH	0.892
KIF15	DLGAP5	0.937
KIF15	ESPL1	0.76
KIF15	KIF23	0.893
KIF15	DEPDC1B	0.817
KIF15	NUF2	0.936
KIF15	BUB1B	0.923
KIF15	MELK	0.868
KIF15	KIF2A	0.721
KIF15	ZWINT	0.793
KIF15	DTL	0.807
KIF15	CDC20	0.836
KIF15	DEPDC1	0.854
KIF15	PBK	0.873
KIF15	KIF20B	0.883
KIF15	HMMR	0.901
KIF15	CDCA8	0.902
KIF15	KIF4A	0.917
KIF15	KIF14	0.931
KIF15	KIF2C	0.945
KIF15	TOP2A	0.955
KIF15	TTK	0.961
KIF20B	KIF23	0.861
KIF20B	NUF2	0.839
KIF20B	KIF15	0.883
KIF20B	HTR7	0.787
KIF20B	KIF14	0.749
KIF20B	TTK	0.777
KIF20B	DEPDC1	0.704
KIF20B	CDCA8	0.714
KIF20B	KIF4A	0.717
KIF20B	KIF2C	0.764
KIF23	TRIP13	0.779
KIF23	MCM5	0.841
KIF23	AURKA	0.924
KIF23	NCAPH	0.716
KIF23	DLGAP5	0.951
KIF23	ESPL1	0.769
KIF23	MCM7	0.701
KIF23	BRCA1	0.713
KIF23	KIF2A	0.729
KIF23	MCM2	0.733
KIF23	RRM2	0.763
KIF23	CDC20	0.797
KIF23	YWHAG	0.805
KIF23	TTK	0.833
KIF23	KIF20B	0.861
KIF23	DEPDC1	0.865
KIF23	ZWINT	0.868
KIF23	PBK	0.884
KIF23	HMMR	0.889
KIF23	KIF15	0.893
KIF23	MELK	0.906
KIF23	NUF2	0.912
KIF23	KIF2C	0.917
KIF23	BUB1B	0.926
KIF23	TOP2A	0.927
KIF23	CDCA8	0.954
KIF23	KIF4A	0.955
KIF23	KIF14	0.958
KIF23	SHCBP1	0.965
KIF23	ANLN	0.989
KIF2A	AURKA	0.719
KIF2A	KIF23	0.729
KIF2A	BUB1B	0.741
KIF2A	KIF15	0.721
KIF2A	KIF14	0.77
KIF2A	KIF2C	0.852
KIF2A	CDC20	0.878
KIF2C	TRIP13	0.811
KIF2C	AURKA	0.975
KIF2C	OIP5	0.866
KIF2C	MAPRE3	0.762
KIF2C	NCAPH	0.88
KIF2C	DLGAP5	0.975
KIF2C	ESPL1	0.939
KIF2C	KIF23	0.917
KIF2C	ANLN	0.821
KIF2C	NUF2	0.935
KIF2C	BUB1B	0.991
KIF2C	MELK	0.935
KIF2C	KIF15	0.945
KIF2C	RRM2	0.758
KIF2C	KIF14	0.901
KIF2C	TTK	0.955
KIF2C	KIF20B	0.764
KIF2C	BRCA1	0.706
KIF2C	ZWINT	0.827
KIF2C	DEPDC1	0.83
KIF2C	KIF2A	0.852
KIF2C	HMMR	0.868
KIF2C	PBK	0.909
KIF2C	TOP2A	0.937
KIF2C	KIF4A	0.947
KIF2C	CDCA8	0.977
KIF2C	CDC20	0.995
KIF4A	TRIP13	0.76
KIF4A	AURKA	0.885
KIF4A	RAD51AP1	0.795
KIF4A	NCAPH	0.945
KIF4A	DLGAP5	0.962
KIF4A	ESPL1	0.777
KIF4A	KIF23	0.955
KIF4A	ANLN	0.782
KIF4A	NUF2	0.911
KIF4A	BUB1B	0.968
KIF4A	MELK	0.964
KIF4A	SHCBP1	0.738
KIF4A	KIF15	0.917
KIF4A	ERCC6L	0.727
KIF4A	RRM2	0.927
KIF4A	DTL	0.728
KIF4A	KIF14	0.921
KIF4A	TTK	0.921
KIF4A	KIF20B	0.717
KIF4A	KIF2C	0.947
KIF4A	CDC20	0.941
KIF4A	CDCA8	0.932
KIF4A	ZWINT	0.848
KIF4A	TK1	0.718
KIF4A	DEPDC1	0.797
KIF4A	HMMR	0.877
KIF4A	TOP2A	0.915
KIF4A	PBK	0.938
LIN7B	RTKN	0.963
LSP1	MAP3K1	0.761
LSP1	ARHGEF12	0.919
MAP3K1	JUN	0.872
MAP3K1	LSP1	0.761
MAP3K1	BRCA1	0.77
MAPRE3	KIF2C	0.762
MAPRE3	GAS2L1	0.848
MCM2	MCM5	0.999
MCM2	GMNN	0.739
MCM2	RPA1	0.958
MCM2	KIF23	0.733
MCM2	GINS1	0.999
MCM2	CDC20	0.733
MCM2	DTL	0.772
MCM2	POLE3	0.8
MCM2	RRM2	0.849
MCM2	RPA2	0.902
MCM2	PCNA	0.939
MCM2	MCM7	0.999
MCM5	DUT	0.732
MCM5	TOP2A	0.755
MCM5	TK1	0.809
MCM5	KIF23	0.841
MCM5	GMNN	0.847
MCM5	POLE3	0.859
MCM5	CDC20	0.862
MCM5	RPA1	0.902
MCM5	PCNA	0.918
MCM5	RPA2	0.925
MCM5	RRM2	0.944
MCM5	MCM7	0.999
MCM5	GINS1	0.999
MCM5	MCM2	0.999
MCM7	TRIP13	0.799
MCM7	MCM5	0.999
MCM7	GMNN	0.729
MCM7	TRIM28	0.713
MCM7	RPA1	0.905
MCM7	KIF23	0.701
MCM7	GINS1	0.999
MCM7	MCM2	0.999
MCM7	BUB1B	0.792
MCM7	TOP2A	0.706
MCM7	POLE3	0.773
MCM7	CDC20	0.821
MCM7	RPA2	0.822
MCM7	DUT	0.853
MCM7	RRM2	0.878
MCM7	PCNA	0.985
MELK	TRIP13	0.906
MELK	AURKA	0.913
MELK	MYBL2	0.894
MELK	OIP5	0.842
MELK	RAD51AP1	0.887
MELK	NCAPH	0.893
MELK	DLGAP5	0.982
MELK	KIF23	0.906
MELK	ANLN	0.831
MELK	NUF2	0.936
MELK	BUB1B	0.953
MELK	SHCBP1	0.739
MELK	DEPDC1	0.751
MELK	TK1	0.792
MELK	STIL	0.819
MELK	DTL	0.842
MELK	KIF14	0.854
MELK	KIF15	0.868
MELK	HMMR	0.884
MELK	CDCA8	0.902
MELK	ZWINT	0.903
MELK	TTK	0.931
MELK	RRM2	0.933
MELK	KIF2C	0.935
MELK	TOP2A	0.955
MELK	PBK	0.963
MELK	KIF4A	0.964
MELK	CDC20	0.964
METTL1	NOP2	0.762
METTL1	WDR74	0.829
MFAP5	FBN1	0.976
MINPP1	INPP5A	0.932
MINPP1	PGAM1	0.911
MINPP1	GPI	0.82
MINPP1	ENO2	0.907
MME	PRCP	0.952
MRPL13	MRPS35	0.995
MRPL13	MRPL32	0.999
MRPL13	MRPL15	0.999
MRPL13	MRPL45	0.97
MRPL13	MRPL37	0.977
MRPL15	MRPS35	0.94
MRPL15	MRPL32	0.963
MRPL15	MRPL37	0.963
MRPL15	MRPL45	0.976
MRPL15	MRPL13	0.999
MRPL32	MRPS35	0.994
MRPL32	MRPL45	0.954
MRPL32	MRPL37	0.962
MRPL32	MRPL15	0.963
MRPL32	MRPL13	0.999
MRPL37	MRPS35	0.846
MRPL37	MRPL32	0.962
MRPL37	MRPL15	0.963
MRPL37	MRPL13	0.977
MRPL37	STOML2	0.727
MRPL37	MRPL45	0.981
MRPL45	MRPS35	0.898
MRPL45	MRPL32	0.954
MRPL45	MRPL15	0.976
MRPL45	MRPL13	0.97
MRPL45	MRPL37	0.981
MRPS35	MRPL37	0.846
MRPS35	MRPL45	0.898
MRPS35	MRPL15	0.94
MRPS35	MRPL32	0.994
MRPS35	MRPL13	0.995
MTHFD1	ALDH18A1	0.726
MYBL2	AURKA	0.84
MYBL2	NCAPH	0.716
MYBL2	TOP2A	0.718
MYBL2	KIF14	0.726
MYBL2	RRM2	0.745
MYBL2	TK1	0.765
MYBL2	CDC20	0.865
MYBL2	MELK	0.894
MYCN	AURKA	0.998
MYCN	BRCA1	0.728
MYD88	RIPK2	0.712
MYD88	JUN	0.756
MYD88	FOXP3	0.719
MYD88	SPP1	0.729
MYH11	TPM2	0.897
NCAPD3	NCAPH	0.994
NCAPH	AURKA	0.814
NCAPH	MYBL2	0.716
NCAPH	DEPDC1B	0.704
NCAPH	ZWINT	0.705
NCAPH	ANLN	0.707
NCAPH	ERCC6L	0.709
NCAPH	KIF23	0.716
NCAPH	ESPL1	0.719
NCAPH	RRM2	0.721
NCAPH	NUF2	0.758
NCAPH	KIF14	0.772
NCAPH	PBK	0.791
NCAPH	DLGAP5	0.818
NCAPH	CDC20	0.838
NCAPH	KIF2C	0.88
NCAPH	TTK	0.886
NCAPH	TOP2A	0.891
NCAPH	KIF15	0.892
NCAPH	MELK	0.893
NCAPH	CDCA8	0.908
NCAPH	BUB1B	0.915
NCAPH	KIF4A	0.945
NCAPH	NCAPD3	0.994
NDUFA11	NUBPL	0.721
NDUFA11	ACAD9	0.717
NOP10	DOCK4	0.748
NOP10	POP1	0.903
NOP2	RBM28	0.99
NOP2	BYSL	0.915
NOP2	METTL1	0.762
NOP2	DHX15	0.876
NOP2	DDX21	0.761
NOP2	WDR74	0.982
NUBPL	NDUFA11	0.721
NUDCD1	DHX15	0.794
NUF2	TRIP13	0.816
NUF2	AURKA	0.893
NUF2	OIP5	0.864
NUF2	RAD51AP1	0.706
NUF2	NCAPH	0.758
NUF2	DLGAP5	0.964
NUF2	ESPL1	0.841
NUF2	KIF23	0.912
NUF2	DEPDC1B	0.81
NUF2	ANLN	0.897
NUF2	SHCBP1	0.701
NUF2	ERCC6L	0.748
NUF2	RRM2	0.787
NUF2	CENPK	0.793
NUF2	DTL	0.816
NUF2	KIF20B	0.839
NUF2	KIF14	0.872
NUF2	HMMR	0.886
NUF2	DEPDC1	0.898
NUF2	KIF4A	0.911
NUF2	CDCA8	0.926
NUF2	KIF2C	0.935
NUF2	KIF15	0.936
NUF2	TOP2A	0.936
NUF2	MELK	0.936
NUF2	PBK	0.96
NUF2	CDC20	0.962
NUF2	BUB1B	0.98
NUF2	TTK	0.989
NUF2	ZWINT	0.991
NUF2	DSN1	0.991
OAT	FH	0.859
OAT	ALDH18A1	0.998
OIP5	CENPK	0.734
OIP5	DEPDC1	0.737
OIP5	DEPDC1B	0.774
OIP5	TTK	0.777
OIP5	KIF15	0.801
OIP5	ZWINT	0.814
OIP5	BUB1B	0.837
OIP5	MELK	0.842
OIP5	RAD51AP1	0.85
OIP5	PBK	0.854
OIP5	DLGAP5	0.856
OIP5	CDCA8	0.856
OIP5	NUF2	0.864
OIP5	KIF2C	0.866
OIP5	HMMR	0.895
OLA1	BRCA1	0.868
PAG1	DHCR7	0.769
PARP1	RPA1	0.825
PARP1	CYCS	0.892
PARP1	PARP9	0.882
PARP1	TOP2A	0.742
PARP1	FOXO1	0.766
PARP1	BCL2L1	0.796
PARP1	JUN	0.805
PARP1	PCNA	0.872
PARP1	RPA2	0.922
PARP1	BRCA1	0.974
PARP9	PLSCR1	0.713
PARP9	PARP1	0.882
PARP9	DDX60	0.883
PBK	TRIP13	0.84
PBK	AURKA	0.791
PBK	OIP5	0.854
PBK	RAD51AP1	0.771
PBK	NCAPH	0.791
PBK	DLGAP5	0.979
PBK	KIF23	0.884
PBK	DEPDC1B	0.741
PBK	ANLN	0.811
PBK	NUF2	0.96
PBK	BUB1B	0.937
PBK	MELK	0.963
PBK	SHCBP1	0.834
PBK	KIF15	0.873
PBK	RRM2	0.93
PBK	DTL	0.873
PBK	KIF14	0.779
PBK	TTK	0.969
PBK	KIF2C	0.909
PBK	CDC20	0.959
PBK	CDCA8	0.912
PBK	ZWINT	0.821
PBK	KIF4A	0.938
PBK	HMMR	0.893
PBK	CENPK	0.816
PBK	TOP2A	0.958
PBK	DEPDC1	0.849
PCGF6	UBE2S	0.906
PCGF6	BUB1B	0.74
PCGF6	ANAPC13	0.9
PCGF6	BRCA1	0.907
PCNA	MCM5	0.918
PCNA	RPA1	0.982
PCNA	MCM2	0.939
PCNA	MCM7	0.985
PCNA	USP1	0.944
PCNA	RRM2	0.828
PCNA	PARP1	0.872
PCNA	DTL	0.995
PCNA	CDC20	0.798
PCNA	RPA2	0.944
PCNA	TOP2A	0.789
PCNA	DUT	0.805
PELI3	RIPK2	0.718
PFKL	PGAM1	0.796
PFKL	ENO2	0.826
PFKL	GPI	0.996
PGAM1	PFKL	0.796
PGAM1	MINPP1	0.911
PGAM1	GPI	0.969
PGAM1	ENO2	0.989
PLEK2	DGKD	0.703
PLEK2	ARHGAP9	0.712
PLN	FXYD1	0.796
PLSCR1	PARP9	0.713
POLE3	MCM5	0.859
POLE3	KAT2A	0.869
POLE3	MCM2	0.8
POLE3	MCM7	0.773
POP1	NOP10	0.903
POP1	CLP1	0.903
PPA1	GPI	0.791
PRCP	MME	0.952
PSMA5	USP14	0.989
PSMA5	PSMB3	0.999
PSMB3	USP14	0.99
PSMB3	PSMA5	0.999
PTH1R	GNG2	0.823
PVALB	CALML6	0.774
RAD51AP1	OIP5	0.85
RAD51AP1	NUF2	0.706
RAD51AP1	DEPDC1	0.715
RAD51AP1	DEPDC1B	0.722
RAD51AP1	CDC20	0.737
RAD51AP1	RRM2	0.744
RAD51AP1	BUB1B	0.747
RAD51AP1	SHCBP1	0.749
RAD51AP1	KIF15	0.765
RAD51AP1	PBK	0.771
RAD51AP1	KIF4A	0.795
RAD51AP1	TOP2A	0.822
RAD51AP1	TTK	0.838
RAD51AP1	HMMR	0.852
RAD51AP1	BRCA1	0.854
RAD51AP1	ZWINT	0.861
RAD51AP1	DLGAP5	0.884
RAD51AP1	MELK	0.887
RAD51AP1	USP1	0.953
RAD54B	BRCA1	0.882
RBM28	EMG1	0.784
RBM28	DHX15	0.797
RBM28	WDR74	0.8
RBM28	BYSL	0.872
RBM28	NOP2	0.99
RIOK1	BYSL	0.955
RIPK2	MYD88	0.712
RIPK2	PELI3	0.718
RND1	ARHGEF12	0.746
RPA1	MCM5	0.902
RPA1	DDB1	0.739
RPA1	PARP1	0.825
RPA1	MCM7	0.905
RPA1	MCM2	0.958
RPA1	BRCA1	0.96
RPA1	PCNA	0.982
RPA1	RPA2	0.999
RPA2	MCM5	0.925
RPA2	RPA1	0.999
RPA2	MCM2	0.902
RPA2	MCM7	0.822
RPA2	PARP1	0.922
RPA2	BRCA1	0.881
RPA2	PCNA	0.944
RRBP1	FN1	0.766
RRBP1	ZWINT	0.826
RRM2	MCM5	0.944
RRM2	AURKA	0.892
RRM2	MYBL2	0.745
RRM2	RAD51AP1	0.744
RRM2	NCAPH	0.721
RRM2	DLGAP5	0.95
RRM2	KIF23	0.763
RRM2	GINS1	0.819
RRM2	MCM2	0.849
RRM2	ANLN	0.785
RRM2	NUF2	0.787
RRM2	BUB1B	0.922
RRM2	MELK	0.933
RRM2	SHCBP1	0.834
RRM2	MCM7	0.878
RRM2	DCTPP1	0.922
RRM2	KIF2C	0.758
RRM2	DUT	0.761
RRM2	AK2	0.785
RRM2	HMMR	0.807
RRM2	TTK	0.82
RRM2	PCNA	0.828
RRM2	CDCA8	0.861
RRM2	DTL	0.88
RRM2	CDC20	0.907
RRM2	TK1	0.914
RRM2	KIF4A	0.927
RRM2	PBK	0.93
RRM2	ZWINT	0.942
RRM2	TOP2A	0.956
RTKN	LIN7B	0.963
SAE1	TRIM28	0.718
SASS6	TUBG1	0.825
SASS6	STIL	0.996
SF3B4	DHX15	0.961
SGCA	SNTB2	0.774
SHCBP1	RAD51AP1	0.749
SHCBP1	DLGAP5	0.74
SHCBP1	KIF23	0.965
SHCBP1	ANLN	0.743
SHCBP1	NUF2	0.701
SHCBP1	BUB1B	0.769
SHCBP1	MELK	0.739
SHCBP1	KIF4A	0.738
SHCBP1	KIF14	0.738
SHCBP1	DEPDC1	0.78
SHCBP1	CDCA8	0.818
SHCBP1	RRM2	0.834
SHCBP1	PBK	0.834
SLC25A31	TSPAN33	0.72
SLC25A31	CYCS	0.95
SLC31A1	ATOX1	0.885
SLC31A2	ATOX1	0.815
SNTB2	SGCA	0.774
SOAT1	DHCR7	0.942
SPP1	ITGB4	0.717
SPP1	ITGA9	0.979
SPP1	ITGB7	0.724
SPP1	FN1	0.996
SPP1	THBS2	0.726
SPP1	MYD88	0.729
SPP1	CXCR4	0.753
STIL	SASS6	0.996
STIL	MELK	0.819
STIL	KIF14	0.777
STOML2	MRPL37	0.727
SYCE1	SYCE2	0.999
SYCE2	SYCE1	0.999
TAPBPL	VAMP1	0.768
TGFBR2	FBN1	0.916
TGFBR2	FN1	0.722
THBS2	ITGB4	0.75
THBS2	ITGA9	0.824
THBS2	ITGB7	0.718
THBS2	FN1	0.854
THBS2	SPP1	0.726
TK1	TRIP13	0.722
TK1	MCM5	0.809
TK1	MYBL2	0.765
TK1	DLGAP5	0.811
TK1	MELK	0.792
TK1	RRM2	0.914
TK1	CDC20	0.883
TK1	CDCA8	0.704
TK1	ZWINT	0.898
TK1	KIF4A	0.718
TK1	DUT	0.752
TK1	TOP2A	0.806
TNFAIP6	FN1	0.83
TNFRSF4	TNFSF8	0.932
TNFRSF4	FOXP3	0.754
TNFRSF4	CD70	0.994
TNFSF8	TNFRSF4	0.932
TOP2A	TRIP13	0.823
TOP2A	MCM5	0.755
TOP2A	AURKA	0.963
TOP2A	MYBL2	0.718
TOP2A	RAD51AP1	0.822
TOP2A	NCAPH	0.891
TOP2A	DLGAP5	0.978
TOP2A	ESPL1	0.909
TOP2A	KIF23	0.927
TOP2A	ANLN	0.861
TOP2A	NUF2	0.936
TOP2A	BUB1B	0.98
TOP2A	MELK	0.955
TOP2A	MCM7	0.706
TOP2A	KIF15	0.955
TOP2A	ERCC6L	0.734
TOP2A	RRM2	0.956
TOP2A	PARP1	0.742
TOP2A	DTL	0.822
TOP2A	KIF14	0.927
TOP2A	TTK	0.958
TOP2A	ZNF451	0.738
TOP2A	KIF2C	0.937
TOP2A	CDC20	0.98
TOP2A	CDCA8	0.92
TOP2A	ZWINT	0.875
TOP2A	KIF4A	0.915
TOP2A	PCNA	0.789
TOP2A	HMMR	0.902
TOP2A	DEPDC1	0.733
TOP2A	TK1	0.806
TOP2A	BRCA1	0.836
TOP2A	PBK	0.958
TPM2	MYH11	0.897
TRIM28	MCM7	0.713
TRIM28	SAE1	0.718
TRIM28	ZWINT	0.801
TRIP13	TK1	0.722
TRIP13	ZWINT	0.727
TRIP13	CDCA8	0.736
TRIP13	KIF14	0.744
TRIP13	ANLN	0.748
TRIP13	TTK	0.759
TRIP13	KIF4A	0.76
TRIP13	HMMR	0.763
TRIP13	AURKA	0.771
TRIP13	KIF23	0.779
TRIP13	DLGAP5	0.789
TRIP13	MCM7	0.799
TRIP13	KIF2C	0.811
TRIP13	NUF2	0.816
TRIP13	TOP2A	0.823
TRIP13	PBK	0.84
TRIP13	MELK	0.906
TRIP13	BUB1B	0.928
TRIP13	CDC20	0.996
TSPAN33	SLC25A31	0.72
TTK	TRIP13	0.759
TTK	AURKA	0.779
TTK	OIP5	0.777
TTK	RAD51AP1	0.838
TTK	NCAPH	0.886
TTK	DLGAP5	0.977
TTK	ESPL1	0.945
TTK	KIF23	0.833
TTK	ANLN	0.704
TTK	NUF2	0.989
TTK	BUB1B	0.991
TTK	MELK	0.931
TTK	KIF15	0.961
TTK	ERCC6L	0.805
TTK	RRM2	0.82
TTK	DTL	0.787
TTK	KIF14	0.904
TTK	ZWINT	0.766
TTK	KIF20B	0.777
TTK	HMMR	0.881
TTK	KIF4A	0.921
TTK	DEPDC1	0.931
TTK	CDCA8	0.946
TTK	KIF2C	0.955
TTK	TOP2A	0.958
TTK	PBK	0.969
TTK	CDC20	0.99
TUBG1	AURKA	0.745
TUBG1	SASS6	0.825
TUBG1	BRCA1	0.928
UBE2E3	BRCA1	0.775
UBE2S	AURKA	0.704
UBE2S	ESPL1	0.748
UBE2S	BUB1B	0.896
UBE2S	PCGF6	0.906
UBE2S	BRCA1	0.963
UBE2S	ANAPC13	0.986
UBE2S	CDC20	0.999
UCHL1	USP14	0.825
UCHL1	ENO2	0.818
UCHL3	USP14	0.788
UCHL3	USP1	0.767
USP1	RAD51AP1	0.953
USP1	USP14	0.711
USP1	DTL	0.704
USP1	UCHL3	0.767
USP1	PCNA	0.944
USP14	USP1	0.711
USP14	BCL2L1	0.743
USP14	UCHL3	0.788
USP14	UCHL1	0.825
USP14	PSMA5	0.989
USP14	PSMB3	0.99
USP18	DDX60	0.79
USP18	IFIT5	0.866
USP18	HERC5	0.956
VAMP1	TAPBPL	0.768
VAMP1	VAMP2	0.95
VAMP2	BNIP1	0.773
VAMP2	DNAJC5	0.949
VAMP2	VAMP1	0.95
WDR74	RBM28	0.8
WDR74	BYSL	0.822
WDR74	METTL1	0.829
WDR74	NOP2	0.982
WDR74	DOCK4	0.8
WNT5B	DKK4	0.778
WNT5B	FZD6	0.968
YWHAG	KIF23	0.805
YWHAG	FOXO1	0.926
ZNF451	TOP2A	0.738
ZW10	CDC20	0.801
ZW10	DSN1	0.804
ZW10	ESPL1	0.84
ZW10	BUB1B	0.928
ZW10	BNIP1	0.965
ZW10	ZWINT	0.997
ZWINT	TRIP13	0.727
ZWINT	ZW10	0.997
ZWINT	AURKA	0.787
ZWINT	OIP5	0.814
ZWINT	RAD51AP1	0.861
ZWINT	NCAPH	0.705
ZWINT	DLGAP5	0.92
ZWINT	TRIM28	0.801
ZWINT	ESPL1	0.846
ZWINT	KIF23	0.868
ZWINT	GINS1	0.849
ZWINT	NUF2	0.991
ZWINT	BUB1B	0.996
ZWINT	MELK	0.903
ZWINT	KIF15	0.793
ZWINT	RRM2	0.942
ZWINT	DTL	0.819
ZWINT	TTK	0.766
ZWINT	KIF2C	0.827
ZWINT	CDC20	0.968
ZWINT	CDCA8	0.78
ZWINT	PBK	0.821
ZWINT	RRBP1	0.826
ZWINT	KIF4A	0.848
ZWINT	TOP2A	0.875
ZWINT	HMMR	0.891
ZWINT	TK1	0.898
ZWINT	DSN1	0.998
